<?xml version="1.0" encoding="UTF-8" standalone="yes"?>
<addon id="repository.blabla" name="blabla repo" version="0.0.1" provider-name="blabla">
	<extension point="xbmc.addon.repository" name="Arabic repo">
		<info compressed="false">http://raw.github.com/sisly87/blabla/master/addons.xml</info>
		<checksum>http://raw.github.com/sisly87/blabla/master/addons.xml.md5</checksum>
		<datadir zip="true">http://raw.github.com/sisly87/blabla/master</datadir>
	</extension>
	<extension point="xbmc.addon.metadata">
		<summary>The Official blabla repository</summary>
		<description>This repository contains blabla.</description>
		<disclaimer>The owners and submitters to this repository do not host or distribute any of the content displayed by these addons nor do they have any affiliation with the content providers.</disclaimer>
		<platform>all</platform>
	</extension>
</addon>
