<?xml version="1.0" encoding="UTF-8" standalone="yes"?>
<addon id="plugin.video.arabic"
       name="Arabic TV"
       version="1.0.7"
       provider-name="Arabic TV">
  <requires>
    <import addon="xbmc.python" version="2.1.0"/>
	<import addon="script.module.t0mm0.common" version="2.1.1"/>
    <import addon="script.module.beautifulsoup" version="3.2.1"/>
    <import addon="script.module.simple.downloader" version="1.9.5"/>
    <import addon="script.module.beautifulsoup4" />
    <import addon="script.module.requests" />
    <import addon="script.module.httplib2" />
    <import addon="script.module.youtube.dl" optional="true"/>
    <import addon="plugin.video.youtube" version="5.1.12"/>
    <import addon="script.module.urlresolver" optional="true"/>
    <import addon="script.module.simplejson" /> 
    <import addon="script.common.plugin.cache" version="2.5.5"/>
    <import addon="script.module.metahandler" version="2.9.0"/>


  </requires>
  <extension point="xbmc.python.pluginsource" library="default.py">
    <provides>video</provides>
  </extension>
  <extension point="xbmc.addon.metadata">
    <summary lang="en">Arabic Streams voor XBMC / KODI!</summary>
    <description lang="en">Addon With Arabic Livestreams and movies from all over the world</description>
    <platform>all</platform>
  </extension>
</addon>
