<?xml version="1.0"?>
<channels>
  <channel>
    <name>Golf channel (HD) </name>
    <url>http://www.streamlive.to/view/53912</url>
    <image>http://snapshots.streamlive.to/snapshots/ts6w24dx29tcwi4_snapshot.jpg</image>
    <category>Live Sport</category>
    <language>English</language>
    <views>92966.0</views>
  </channel>
  <channel>
    <name>NFL Network(HD) </name>
    <url>http://www.streamlive.to/view/68875</url>
    <image>http://snapshots.streamlive.to/snapshots/zvwjh9ctt0vdlbe_snapshot.jpg</image>
    <category>Live Sport</category>
    <language>English</language>
    <views>1991401.0</views>
  </channel>
  <channel>
    <name>Vip5 HD - Rayo Vallecano vs Barcelona </name>
    <url>http://www.streamlive.to/view/71395</url>
    <image>http://snapshots.streamlive.to/snapshots/q4sq4v7tu8ltbv1_snapshot.jpg</image>
    <category>Live Sport</category>
    <language>French</language>
    <views>1252741.0</views>
  </channel>
  <channel>
    <name>Sky Sport 3 (HD) </name>
    <url>http://www.streamlive.to/view/68714</url>
    <image>http://snapshots.streamlive.to/snapshots/pdqdnbyfwtzknat_snapshot.jpg</image>
    <category>Live Sport</category>
    <language>English</language>
    <views>1081186.5</views>
  </channel>
  <channel>
    <name>Golf channel </name>
    <url>http://www.streamlive.to/view/69026</url>
    <image>http://snapshots.streamlive.to/snapshots/lw1kufim1kmit1h_snapshot.jpg</image>
    <category>Live Sport</category>
    <language>English</language>
    <views>961378.5</views>
  </channel>
  <channel>
    <name>ESPN:  SportsCenter -32U </name>
    <url>http://www.streamlive.to/view/70558</url>
    <image>http://snapshots.streamlive.to/snapshots/891rz1xpwzy8nfw_snapshot.jpg</image>
    <category>Live Sport</category>
    <language>English</language>
    <views>530223.5</views>
  </channel>
  <channel>
    <name>Sport 1 USA (HD) </name>
    <url>http://www.streamlive.to/view/72138</url>
    <image>http://snapshots.streamlive.to/snapshots/2jry03vosgtzji9_snapshot.jpg</image>
    <category>Live Sport</category>
    <language>English</language>
    <views>403486.0</views>
  </channel>
  <channel>
    <name>Sky Sport 1 (HD) </name>
    <url>http://www.streamlive.to/view/68713</url>
    <image>http://snapshots.streamlive.to/snapshots/9ddlpiijjci12o9_snapshot.jpg</image>
    <category>Live Sport</category>
    <language>English</language>
    <views>6094490.5</views>
  </channel>
  <channel>
    <name>Setenta Sport (HD) </name>
    <url>http://www.streamlive.to/view/70189</url>
    <image>http://snapshots.streamlive.to/snapshots/6kyreuuugcp4jno_snapshot.jpg</image>
    <category>Live Sport</category>
    <language>English</language>
    <views>925354.5</views>
  </channel>
  <channel>
    <name>Sky Sport 5 (HD) </name>
    <url>http://www.streamlive.to/view/68716</url>
    <image>http://snapshots.streamlive.to/snapshots/2qjxgeic3x5rkdu_snapshot.jpg</image>
    <category>Live Sport</category>
    <language>English</language>
    <views>1118865.0</views>
  </channel>
  <channel>
    <name>Vip - Bein Sport Espanol (HD) </name>
    <url>http://www.streamlive.to/view/72400</url>
    <image>http://snapshots.streamlive.to/snapshots/3kyblmy5vhjkp2i_snapshot.jpg</image>
    <category>Live Sport</category>
    <language>Spanish</language>
    <views>1844948.0</views>
  </channel>
  <channel>
    <name>Sky Sport F1 (HD) </name>
    <url>http://www.streamlive.to/view/68718</url>
    <image>http://snapshots.streamlive.to/snapshots/udhfbfg0vfzjcds_snapshot.jpg</image>
    <category>Live Sport</category>
    <language>English</language>
    <views>839320.0</views>
  </channel>
  <channel>
    <name>Bein Sport France 1 (HD) </name>
    <url>http://www.streamlive.to/view/69690</url>
    <image>http://snapshots.streamlive.to/snapshots/xwe5kvju00vwvjv_snapshot.jpg</image>
    <category>Live Sport</category>
    <language>French</language>
    <views>648634.5</views>
  </channel>
  <channel>
    <name>ESPN 2 </name>
    <url>http://www.streamlive.to/view/69028</url>
    <image>http://snapshots.streamlive.to/snapshots/5hd19kwxef5b59o_snapshot.jpg</image>
    <category>Live Sport</category>
    <language>English</language>
    <views>2557707.5</views>
  </channel>
  <channel>
    <name>Canal+ Sport France (HD) </name>
    <url>http://www.streamlive.to/view/70467</url>
    <image>http://snapshots.streamlive.to/snapshots/w9eddd62l9b1uxc_snapshot.jpg</image>
    <category>Live Sport</category>
    <language>French</language>
    <views>536785.5</views>
  </channel>
  <channel>
    <name>Bein Sport France 3 (HD) </name>
    <url>http://www.streamlive.to/view/70729</url>
    <image>http://snapshots.streamlive.to/snapshots/6frb74s5j99g6su_snapshot.jpg</image>
    <category>Live Sport</category>
    <language>French</language>
    <views>316545.0</views>
  </channel>
  <channel>
    <name>ESPN 2 (HD) </name>
    <url>http://www.streamlive.to/view/57977</url>
    <image>http://snapshots.streamlive.to/snapshots/rgyus7ao2ullmbt_snapshot.jpg</image>
    <category>Live Sport</category>
    <language>English</language>
    <views>87396.5</views>
  </channel>
  <channel>
    <name>Euro Sport 2 (HD) </name>
    <url>http://www.streamlive.to/view/68724</url>
    <image>http://snapshots.streamlive.to/snapshots/k3e344bj4qtke57_snapshot.jpg</image>
    <category>Live Sport</category>
    <language>English</language>
    <views>753819.5</views>
  </channel>
  <channel>
    <name>NFL Network </name>
    <url>http://www.streamlive.to/view/72886</url>
    <image>http://snapshots.streamlive.to/snapshots/1c4z54w4tcvq6ue_snapshot.jpg</image>
    <category>Live Sport</category>
    <language>English</language>
    <views>417539.0</views>
  </channel>
  <channel>
    <name>BT Sport 2 (HD) </name>
    <url>http://www.streamlive.to/view/68721</url>
    <image>http://snapshots.streamlive.to/snapshots/z3ua1ed00znttfp_snapshot.jpg</image>
    <category>Live Sport</category>
    <language>English</language>
    <views>552671.5</views>
  </channel>
  <channel>
    <name>NBC Sport Networks (HD) </name>
    <url>http://www.streamlive.to/view/64232</url>
    <image>http://snapshots.streamlive.to/snapshots/0fm1lstybe4a0j4_snapshot.jpg</image>
    <category>Live Sport</category>
    <language>English</language>
    <views>1331350.5</views>
  </channel>
  <channel>
    <name>Canal+ France (HD) </name>
    <url>http://www.streamlive.to/view/71831</url>
    <image>http://snapshots.streamlive.to/snapshots/2h69qbxce4fsff3_snapshot.jpg</image>
    <category>Live Sport</category>
    <language>French</language>
    <views>198910.5</views>
  </channel>
  <channel>
    <name>Sky Sport 4 (HD) </name>
    <url>http://www.streamlive.to/view/68715</url>
    <image>http://snapshots.streamlive.to/snapshots/21ajqprn56aebp3_snapshot.jpg</image>
    <category>Live Sport</category>
    <language>English</language>
    <views>1003550.0</views>
  </channel>
  <channel>
    <name>Sky Sport 2 (HD) </name>
    <url>http://www.streamlive.to/view/68424</url>
    <image>http://snapshots.streamlive.to/snapshots/on39ol6in4f2ewp_snapshot.jpg</image>
    <category>Live Sport</category>
    <language>English</language>
    <views>2107472.0</views>
  </channel>
  <channel>
    <name>BT Sport 1 I AM LIVE</name>
    <url>http://www.streamlive.to/view/72998</url>
    <image>http://snapshots.streamlive.to/snapshots/q71ubvhicrgwov1_snapshot.jpg</image>
    <category>Live Sport</category>
    <language>English</language>
    <views>299333.0</views>
  </channel>
  <channel>
    <name>Bein Sport France 2 (HD) </name>
    <url>http://www.streamlive.to/view/70466</url>
    <image>http://snapshots.streamlive.to/snapshots/06927pgwezut1fd_snapshot.jpg</image>
    <category>Live Sport</category>
    <language>French</language>
    <views>511427.0</views>
  </channel>
  <channel>
    <name>NBC Sport Network </name>
    <url>http://www.streamlive.to/view/71137</url>
    <image>http://snapshots.streamlive.to/snapshots/fwiiknwpnokjic9_snapshot.jpg</image>
    <category>Live Sport</category>
    <language>English</language>
    <views>1537505.5</views>
  </channel>
  <channel>
    <name>Euro Sport 1 (HD) </name>
    <url>http://www.streamlive.to/view/68723</url>
    <image>http://snapshots.streamlive.to/snapshots/futkxfuqj6tp9j9_snapshot.jpg</image>
    <category>Live Sport</category>
    <language>English</language>
    <views>1073908.0</views>
  </channel>
  <channel>
    <name>Sky Bundesliga 1 (HD) </name>
    <url>http://www.streamlive.to/view/70728</url>
    <image>http://snapshots.streamlive.to/snapshots/txrq9hprksf28b9_snapshot.jpg</image>
    <category>Live Sport</category>
    <language>German</language>
    <views>305142.5</views>
  </channel>
  <channel>
    <name>Fox Sport 1 (HD) </name>
    <url>http://www.streamlive.to/view/73260</url>
    <image>http://snapshots.streamlive.to/snapshots/meretvdy5sg3m5m_snapshot.jpg</image>
    <category>Live Sport</category>
    <language>English</language>
    <views>271515.5</views>
  </channel>
  <channel>
    <name>ESPN UK (HD) </name>
    <url>http://www.streamlive.to/view/70190</url>
    <image>http://snapshots.streamlive.to/snapshots/v95pwzd4011ev3g_snapshot.jpg</image>
    <category>Live Sport</category>
    <language>English</language>
    <views>463845.5</views>
  </channel>
  <channel>
    <name>Box Nation (HD) </name>
    <url>http://www.streamlive.to/view/68719</url>
    <image>http://snapshots.streamlive.to/snapshots/5cnmiwezbpmbe3k_snapshot.jpg</image>
    <category>Live Sport</category>
    <language>English</language>
    <views>905470.5</views>
  </channel>
  <channel>
    <name>EPL:  Manchester United  vs Watford </name>
    <url>http://www.streamlive.to/view/70300</url>
    <image>http://snapshots.streamlive.to/snapshots/45bvh7umowpmsu4_snapshot.jpg</image>
    <category>Live Sport</category>
    <language>English</language>
    <views>133303.5</views>
  </channel>
  <channel>
    <name>ESPN (HD) </name>
    <url>http://www.streamlive.to/view/48051</url>
    <image>http://snapshots.streamlive.to/snapshots/xoaaohmeuajfeyf_snapshot.jpg</image>
    <category>Live Sport</category>
    <language>English</language>
    <views>2227562.5</views>
  </channel>
  <channel>
    <name>Canal+ Cinema France (HD) </name>
    <url>http://www.streamlive.to/view/70731</url>
    <image>http://snapshots.streamlive.to/snapshots/wk6o7bpcsveb0ne_snapshot.jpg</image>
    <category>Entertainment</category>
    <language>French</language>
    <views>228191.0</views>
  </channel>
  <channel>
    <name>HBO (HD) </name>
    <url>http://www.streamlive.to/view/36674</url>
    <image>http://snapshots.streamlive.to/snapshots/z28ie9oqoku4qoy_snapshot.jpg</image>
    <category>Entertainment</category>
    <language>English</language>
    <views>493065.5</views>
  </channel>
  <channel>
    <name>King of Queens </name>
    <url>http://www.streamlive.to/view/38213</url>
    <image>http://snapshots.streamlive.to/snapshots/yytqkp7711cd1ze_snapshot.jpg</image>
    <category>Entertainment</category>
    <language>English</language>
    <views>660737.5</views>
  </channel>
  <channel>
    <name>The Office (Show) </name>
    <url>http://www.streamlive.to/view/40750</url>
    <image>http://snapshots.streamlive.to/snapshots/mizolqp0th5uobk_snapshot.jpg</image>
    <category>Entertainment</category>
    <language>English</language>
    <views>195370.5</views>
  </channel>
  <channel>
    <name>American Dad -32U </name>
    <url>http://www.streamlive.to/view/69426</url>
    <image>http://snapshots.streamlive.to/snapshots/sq3u8imvr5jvegb_snapshot.jpg</image>
    <category>Entertainment</category>
    <language>English</language>
    <views>290364.5</views>
  </channel>
  <channel>
    <name>A&E </name>
    <url>http://www.streamlive.to/view/68952</url>
    <image>http://snapshots.streamlive.to/snapshots/tuc280rbycwnsvs_snapshot.jpg</image>
    <category>Entertainment</category>
    <language>English</language>
    <views>2699462.0</views>
  </channel>
  <channel>
    <name>TNT (HD) </name>
    <url>http://www.streamlive.to/view/57973</url>
    <image>http://snapshots.streamlive.to/snapshots/7uz4als3nigi0j3_snapshot.jpg</image>
    <category>Entertainment</category>
    <language>English</language>
    <views>518900.0</views>
  </channel>
  <channel>
    <name>NBC (HD) </name>
    <url>http://www.streamlive.to/view/57956</url>
    <image>http://snapshots.streamlive.to/snapshots/kjgkefh6la1di6g_snapshot.jpg</image>
    <category>Entertainment</category>
    <language>English</language>
    <views>404369.0</views>
  </channel>
  <channel>
    <name>Spartacus: Vengeance Complete season 2</name>
    <url>http://www.streamlive.to/view/72696</url>
    <image>http://snapshots.streamlive.to/snapshots/xk3kec7maanlnfa_snapshot.jpg</image>
    <category>Entertainment</category>
    <language>English</language>
    <views>106950.0</views>
  </channel>
  <channel>
    <name>Spartacus: Gods of The Arena </name>
    <url>http://www.streamlive.to/view/72694</url>
    <image>http://snapshots.streamlive.to/snapshots/5nf232pb7z1xybn_snapshot.jpg</image>
    <category>Entertainment</category>
    <language>English</language>
    <views>106755.0</views>
  </channel>
  <channel>
    <name>ABC (HD) </name>
    <url>http://www.streamlive.to/view/46476</url>
    <image>http://snapshots.streamlive.to/snapshots/nz7l9vc5nv1og7b_snapshot.jpg</image>
    <category>Entertainment</category>
    <language>English</language>
    <views>433826.5</views>
  </channel>
  <channel>
    <name>Sky Atlantic (HD) </name>
    <url>http://www.streamlive.to/view/72136</url>
    <image>http://snapshots.streamlive.to/snapshots/dyt9hwb1y9arl10_snapshot.jpg</image>
    <category>Entertainment</category>
    <language>English</language>
    <views>377784.0</views>
  </channel>
  <channel>
    <name>StarZ (HD) </name>
    <url>http://www.streamlive.to/view/73259</url>
    <image>http://snapshots.streamlive.to/snapshots/4jxbs85h6rakcny_snapshot.jpg</image>
    <category>Entertainment</category>
    <language>English</language>
    <views>224161.5</views>
  </channel>
  <channel>
    <name>Syfy </name>
    <url>http://www.streamlive.to/view/68966</url>
    <image>http://snapshots.streamlive.to/snapshots/oepz9q5oivflbcw_snapshot.jpg</image>
    <category>Entertainment</category>
    <language>English</language>
    <views>2487321.0</views>
  </channel>
  <channel>
    <name>Sky Action (HD) </name>
    <url>http://www.streamlive.to/view/71665</url>
    <image>http://snapshots.streamlive.to/snapshots/qrnu46ekfskc3dx_snapshot.jpg</image>
    <category>Entertainment</category>
    <language>English</language>
    <views>543214.5</views>
  </channel>
  <channel>
    <name>Bravo </name>
    <url>http://www.streamlive.to/view/52480</url>
    <image>http://snapshots.streamlive.to/snapshots/uw433ikqnrj501l_snapshot.jpg</image>
    <category>Entertainment</category>
    <language>English</language>
    <views>326250.0</views>
  </channel>
  <channel>
    <name>ABC </name>
    <url>http://www.streamlive.to/view/68969</url>
    <image>http://snapshots.streamlive.to/snapshots/371jluirljcsjen_snapshot.jpg</image>
    <category>Entertainment</category>
    <language>English</language>
    <views>6893997.0</views>
  </channel>
  <channel>
    <name>CBS </name>
    <url>http://www.streamlive.to/view/69956</url>
    <image>http://snapshots.streamlive.to/snapshots/dt0qvk6nmdhk8u6_snapshot.jpg</image>
    <category>Entertainment</category>
    <language>English</language>
    <views>4575019.5</views>
  </channel>
  <channel>
    <name>AMC </name>
    <url>http://www.streamlive.to/view/68963</url>
    <image>http://snapshots.streamlive.to/snapshots/7pctmre0zfwsc24_snapshot.jpg</image>
    <category>Entertainment</category>
    <language>English</language>
    <views>5300153.5</views>
  </channel>
  <channel>
    <name>Sky Scifi-Horror (HD) </name>
    <url>http://www.streamlive.to/view/71731</url>
    <image>http://snapshots.streamlive.to/snapshots/wk4658qcki1imla_snapshot.jpg</image>
    <category>Entertainment</category>
    <language>English</language>
    <views>419453.5</views>
  </channel>
  <channel>
    <name>USA Network (HD) </name>
    <url>http://www.streamlive.to/view/38768</url>
    <image>http://snapshots.streamlive.to/snapshots/h5eovaj1jeegluq_snapshot.jpg</image>
    <category>Entertainment</category>
    <language>English</language>
    <views>2695654.5</views>
  </channel>
  <channel>
    <name>That's 70 show </name>
    <url>http://www.streamlive.to/view/38217</url>
    <image>http://snapshots.streamlive.to/snapshots/t7ha4ghb4ilwaoo_snapshot.jpg</image>
    <category>Entertainment</category>
    <language>English</language>
    <views>323419.5</views>
  </channel>
  <channel>
    <name>Comedy Central </name>
    <url>http://www.streamlive.to/view/71610</url>
    <image>http://snapshots.streamlive.to/snapshots/wyw9tfxexu68p0t_snapshot.jpg</image>
    <category>Entertainment</category>
    <language>English</language>
    <views>138415.5</views>
  </channel>
  <channel>
    <name>E! Entertainment (HD) </name>
    <url>http://www.streamlive.to/view/73261</url>
    <image>http://snapshots.streamlive.to/snapshots/b3xqbwnyiyz49lx_snapshot.jpg</image>
    <category>Entertainment</category>
    <language>English</language>
    <views>79996.5</views>
  </channel>
  <channel>
    <name>Sky Movie Premier (HD) </name>
    <url>http://www.streamlive.to/view/71577</url>
    <image>http://snapshots.streamlive.to/snapshots/l5e6413vae02nmw_snapshot.jpg</image>
    <category>Entertainment</category>
    <language>English</language>
    <views>249286.0</views>
  </channel>
  <channel>
    <name>Oxygen </name>
    <url>http://www.streamlive.to/view/38197</url>
    <image>http://snapshots.streamlive.to/snapshots/zmt2swezlswh9nz_snapshot.jpg</image>
    <category>Entertainment</category>
    <language>English</language>
    <views>266575.0</views>
  </channel>
  <channel>
    <name>AMC  (HD) </name>
    <url>http://www.streamlive.to/view/46209</url>
    <image>http://snapshots.streamlive.to/snapshots/z4cxm7zlfyqs65m_snapshot.jpg</image>
    <category>Entertainment</category>
    <language>English</language>
    <views>119698.0</views>
  </channel>
  <channel>
    <name>Lifetime (HD) </name>
    <url>http://www.streamlive.to/view/57846</url>
    <image>http://snapshots.streamlive.to/snapshots/7b2gr554gyyth8e_snapshot.jpg</image>
    <category>Entertainment</category>
    <language>English</language>
    <views>510078.5</views>
  </channel>
  <channel>
    <name>House MD full all seasons</name>
    <url>http://www.streamlive.to/view/40783</url>
    <image>http://snapshots.streamlive.to/snapshots/vampcgkmpaun6at_snapshot.jpg</image>
    <category>Entertainment</category>
    <language>English</language>
    <views>150624.5</views>
  </channel>
  <channel>
    <name>Syfy (HD) </name>
    <url>http://www.streamlive.to/view/46454</url>
    <image>http://snapshots.streamlive.to/snapshots/x7uii7mll2b7lh4_snapshot.jpg</image>
    <category>Entertainment</category>
    <language>English</language>
    <views>181735.5</views>
  </channel>
  <channel>
    <name>HBO </name>
    <url>http://www.streamlive.to/view/69021</url>
    <image>http://snapshots.streamlive.to/snapshots/qzbbu26gcvjxksz_snapshot.jpg</image>
    <category>Entertainment</category>
    <language>English</language>
    <views>8889473.0</views>
  </channel>
  <channel>
    <name>Spartacus: Blood And Sands Complete first season Blood and Sands</name>
    <url>http://www.streamlive.to/view/72690</url>
    <image>http://snapshots.streamlive.to/snapshots/ixk74xh0ksg0o11_snapshot.jpg</image>
    <category>Entertainment</category>
    <language>English</language>
    <views>127388.0</views>
  </channel>
  <channel>
    <name>Sky Drama (HD) </name>
    <url>http://www.streamlive.to/view/71667</url>
    <image>http://snapshots.streamlive.to/snapshots/dcetajgyieuricy_snapshot.jpg</image>
    <category>Entertainment</category>
    <language>English</language>
    <views>176177.0</views>
  </channel>
  <channel>
    <name>TVLand watch TV Land live streaming online</name>
    <url>http://www.streamlive.to/view/49252</url>
    <image>http://snapshots.streamlive.to/snapshots/7yxirr4046nk5ca_snapshot.jpg</image>
    <category>Entertainment</category>
    <language>English</language>
    <views>187350.5</views>
  </channel>
  <channel>
    <name>Fox Networks(HD) </name>
    <url>http://www.streamlive.to/view/56002</url>
    <image>http://snapshots.streamlive.to/snapshots/yuu6p5oaa1x4a1p_snapshot.jpg</image>
    <category>Entertainment</category>
    <language>English</language>
    <views>271652.5</views>
  </channel>
  <channel>
    <name>Two And A Half Men -32U </name>
    <url>http://www.streamlive.to/view/72622</url>
    <image>http://snapshots.streamlive.to/snapshots/a3hrv3l3bj3lwyp_snapshot.jpg</image>
    <category>Entertainment</category>
    <language>English</language>
    <views>164442.0</views>
  </channel>
  <channel>
    <name>Spike TV (HD) </name>
    <url>http://www.streamlive.to/view/52479</url>
    <image>http://snapshots.streamlive.to/snapshots/sax2mq2alpirnww_snapshot.jpg</image>
    <category>Entertainment</category>
    <language>English</language>
    <views>1626768.5</views>
  </channel>
  <channel>
    <name>South Park </name>
    <url>http://www.streamlive.to/view/40155</url>
    <image>http://snapshots.streamlive.to/snapshots/p519222iwkn2t2x_snapshot.jpg</image>
    <category>Entertainment</category>
    <language>English</language>
    <views>83898.5</views>
  </channel>
  <channel>
    <name>Fox Network </name>
    <url>http://www.streamlive.to/view/70048</url>
    <image>http://snapshots.streamlive.to/snapshots/q49uyvij145wcky_snapshot.jpg</image>
    <category>Entertainment</category>
    <language>English</language>
    <views>3705045.5</views>
  </channel>
  <channel>
    <name>CW </name>
    <url>http://www.streamlive.to/view/52510</url>
    <image>http://snapshots.streamlive.to/snapshots/fvksu1sp51ijtyd_snapshot.jpg</image>
    <category>Entertainment</category>
    <language>English</language>
    <views>794478.5</views>
  </channel>
  <channel>
    <name>Sky Family (HD) </name>
    <url>http://www.streamlive.to/view/71666</url>
    <image>http://snapshots.streamlive.to/snapshots/9lbeipbbj3tb2ik_snapshot.jpg</image>
    <category>Entertainment</category>
    <language>English</language>
    <views>193090.0</views>
  </channel>
  <channel>
    <name>Kim Binh Mai tron bo 5 tap Kim Binh Mai</name>
    <url>http://www.streamlive.to/view/38219</url>
    <image>http://snapshots.streamlive.to/snapshots/6jxqdje7ancmghe_snapshot.jpg</image>
    <category>Entertainment</category>
    <language>Chinese</language>
    <views>185227.0</views>
  </channel>
  <channel>
    <name>Japanese Cat 3 Movies (English sub) </name>
    <url>http://www.streamlive.to/view/73068</url>
    <image>http://snapshots.streamlive.to/snapshots/aeqyk2kkcxwfxnq_snapshot.jpg</image>
    <category>Entertainment</category>
    <language>Japanese</language>
    <views>305897.0</views>
  </channel>
  <channel>
    <name>CBS (HD) </name>
    <url>http://www.streamlive.to/view/57976</url>
    <image>http://snapshots.streamlive.to/snapshots/vp4q2gonwzh2dku_snapshot.jpg</image>
    <category>Entertainment</category>
    <language>English</language>
    <views>402279.5</views>
  </channel>
  <channel>
    <name>Sky Showcase (HD) </name>
    <url>http://www.streamlive.to/view/71881</url>
    <image>http://snapshots.streamlive.to/snapshots/83ivqnkpajokt1r_snapshot.jpg</image>
    <category>Entertainment</category>
    <language>English</language>
    <views>227283.0</views>
  </channel>
  <channel>
    <name>Zee TV </name>
    <url>http://www.streamlive.to/view/71971</url>
    <image>http://snapshots.streamlive.to/snapshots/svsgthhwl6djj5h_snapshot.jpg</image>
    <category>Entertainment</category>
    <language>Indian</language>
    <views>119388.5</views>
  </channel>
  <channel>
    <name>Family Guy -32U </name>
    <url>http://www.streamlive.to/view/69425</url>
    <image>http://snapshots.streamlive.to/snapshots/fevxhivi00i42gh_snapshot.jpg</image>
    <category>Entertainment</category>
    <language>English</language>
    <views>811546.0</views>
  </channel>
  <channel>
    <name>Hallmark (HD) </name>
    <url>http://www.streamlive.to/view/53856</url>
    <image>http://snapshots.streamlive.to/snapshots/v4ynnryunsoxzbq_snapshot.jpg</image>
    <category>Entertainment</category>
    <language>English</language>
    <views>377165.5</views>
  </channel>
  <channel>
    <name>Showtime (HD) </name>
    <url>http://www.streamlive.to/view/44126</url>
    <image>http://snapshots.streamlive.to/snapshots/bwbop58ixz281wv_snapshot.jpg</image>
    <category>Entertainment</category>
    <language>English</language>
    <views>66565.5</views>
  </channel>
  <channel>
    <name>Syfy France (HD) </name>
    <url>http://www.streamlive.to/view/70730</url>
    <image>http://snapshots.streamlive.to/snapshots/yz6cc3lew1kid3j_snapshot.jpg</image>
    <category>Entertainment</category>
    <language>French</language>
    <views>191212.5</views>
  </channel>
  <channel>
    <name>TLC </name>
    <url>http://www.streamlive.to/view/69109</url>
    <image>http://snapshots.streamlive.to/snapshots/iugceoy4o6ljhck_snapshot.jpg</image>
    <category>Entertainment</category>
    <language>English</language>
    <views>232691.5</views>
  </channel>
  <channel>
    <name>TruTV (HD) </name>
    <url>http://www.streamlive.to/view/52755</url>
    <image>http://snapshots.streamlive.to/snapshots/uhnr4161ybioa5w_snapshot.jpg</image>
    <category>Entertainment</category>
    <language>English</language>
    <views>888286.5</views>
  </channel>
  <channel>
    <name>Sky Comedy (HD) </name>
    <url>http://www.streamlive.to/view/71664</url>
    <image>http://snapshots.streamlive.to/snapshots/ngm5uxiqo6hjhk8_snapshot.jpg</image>
    <category>Entertainment</category>
    <language>English</language>
    <views>311406.0</views>
  </channel>
  <channel>
    <name>NBC </name>
    <url>http://www.streamlive.to/view/69116</url>
    <image>http://snapshots.streamlive.to/snapshots/s5whw37nl7weedp_snapshot.jpg</image>
    <category>Entertainment</category>
    <language>English</language>
    <views>4282718.5</views>
  </channel>
  <channel>
    <name>BET (HD) </name>
    <url>http://www.streamlive.to/view/50652</url>
    <image>http://snapshots.streamlive.to/snapshots/kexkxje3nqi6dtl_snapshot.jpg</image>
    <category>Entertainment</category>
    <language>English</language>
    <views>1186438.0</views>
  </channel>
  <channel>
    <name>Hongkong Cat 3 Movies (English sub) </name>
    <url>http://www.streamlive.to/view/73067</url>
    <image>http://snapshots.streamlive.to/snapshots/1gq3w4e27hn8ajv_snapshot.jpg</image>
    <category>Entertainment</category>
    <language>Chinese</language>
    <views>287711.5</views>
  </channel>
  <channel>
    <name>Friends show </name>
    <url>http://www.streamlive.to/view/36673</url>
    <image>http://snapshots.streamlive.to/snapshots/wg2fmaake2sfjbr_snapshot.jpg</image>
    <category>Entertainment</category>
    <language>English</language>
    <views>643949.0</views>
  </channel>
  <channel>
    <name>TF1 (HD) </name>
    <url>http://www.streamlive.to/view/70468</url>
    <image>http://snapshots.streamlive.to/snapshots/espx8gzpfi4l0sk_snapshot.jpg</image>
    <category>Entertainment</category>
    <language>French</language>
    <views>262659.5</views>
  </channel>
  <channel>
    <name>Dragon Ball full episodes</name>
    <url>http://www.streamlive.to/view/37044</url>
    <image>http://snapshots.streamlive.to/snapshots/15jvbu6lxtgwrcq_snapshot.jpg</image>
    <category>Animation</category>
    <language>English</language>
    <views>234274.0</views>
  </channel>
  <channel>
    <name>Bleach anime full </name>
    <url>http://www.streamlive.to/view/36820</url>
    <image>http://snapshots.streamlive.to/snapshots/cqq87pn1lkxra4k_snapshot.jpg</image>
    <category>Animation</category>
    <language>Japanese</language>
    <views>163628.5</views>
  </channel>
  <channel>
    <name>Dragon Ball GT watch Dragon Ball GT live</name>
    <url>http://www.streamlive.to/view/53105</url>
    <image>http://snapshots.streamlive.to/snapshots/lj2q51wqhd7rpr0_snapshot.jpg</image>
    <category>Animation</category>
    <language>English</language>
    <views>259590.5</views>
  </channel>
  <channel>
    <name>Naruto </name>
    <url>http://www.streamlive.to/view/37161</url>
    <image>http://snapshots.streamlive.to/snapshots/9ft15bx7kc229en_snapshot.jpg</image>
    <category>Animation</category>
    <language>Japanese</language>
    <views>186906.0</views>
  </channel>
  <channel>
    <name>Detective Conan the movies </name>
    <url>http://www.streamlive.to/view/38223</url>
    <image>http://snapshots.streamlive.to/snapshots/shserslj4yhr7ig_snapshot.jpg</image>
    <category>Animation</category>
    <language>Japanese</language>
    <views>150746.5</views>
  </channel>
  <channel>
    <name>Cartoon Network </name>
    <url>http://www.streamlive.to/view/71632</url>
    <image>http://snapshots.streamlive.to/snapshots/9l41fcr1sgmclej_snapshot.jpg</image>
    <category>Animation</category>
    <language>English</language>
    <views>2127757.5</views>
  </channel>
  <channel>
    <name>Dragon Balll Z </name>
    <url>http://www.streamlive.to/view/40156</url>
    <image>http://snapshots.streamlive.to/snapshots/y9f0p4tvi2hwoxy_snapshot.jpg</image>
    <category>Animation</category>
    <language>English</language>
    <views>453632.5</views>
  </channel>
  <channel>
    <name>Discovery Science France (HD) </name>
    <url>http://www.streamlive.to/view/73440</url>
    <image>http://snapshots.streamlive.to/snapshots/smdxq0zsxxncn1d_snapshot.jpg</image>
    <category>General</category>
    <language>French</language>
    <views>56.0</views>
  </channel>
  <channel>
    <name>Science (HD) </name>
    <url>http://www.streamlive.to/view/68871</url>
    <image>http://snapshots.streamlive.to/snapshots/00t250wv1d4ltib_snapshot.jpg</image>
    <category>General</category>
    <language>English</language>
    <views>54123.0</views>
  </channel>
  <channel>
    <name>History 2 UK (HD) </name>
    <url>http://www.streamlive.to/view/73421</url>
    <image>http://snapshots.streamlive.to/snapshots/xbjv5qj3rps3tkz_snapshot.jpg</image>
    <category>General</category>
    <language>English</language>
    <views>1649.5</views>
  </channel>
  <channel>
    <name>History (HD) </name>
    <url>http://www.streamlive.to/view/39949</url>
    <image>http://snapshots.streamlive.to/snapshots/dhp0rpd116qyyj6_snapshot.jpg</image>
    <category>General</category>
    <language>English</language>
    <views>1508750.5</views>
  </channel>
  <channel>
    <name>National Geographic (HD) </name>
    <url>http://www.streamlive.to/view/68872</url>
    <image>http://snapshots.streamlive.to/snapshots/qzsfigd1y3bgbhs_snapshot.jpg</image>
    <category>General</category>
    <language>English</language>
    <views>70866.0</views>
  </channel>
  <channel>
    <name>ABC Family - Mttvmario Refer To The T.V. Guide At The Bottom of the Page</name>
    <url>http://www.streamlive.to/view/30303</url>
    <image>http://snapshots.streamlive.to/snapshots/vx63a0c7mxk2jt8_snapshot.jpg</image>
    <category>General</category>
    <language>English</language>
    <views>1841716.0</views>
  </channel>
  <channel>
    <name>ID - Investigation Discovery (HD) </name>
    <url>http://www.streamlive.to/view/69111</url>
    <image>http://snapshots.streamlive.to/snapshots/yjma618cibkqxeo_snapshot.jpg</image>
    <category>General</category>
    <language>English</language>
    <views>377536.5</views>
  </channel>
  <channel>
    <name>VH1 </name>
    <url>http://www.streamlive.to/view/52988</url>
    <image>http://snapshots.streamlive.to/snapshots/oeiigxxv1gbeqq9_snapshot.jpg</image>
    <category>General</category>
    <language>English</language>
    <views>1373941.0</views>
  </channel>
  <channel>
    <name>OWN - Oprah Winfrey Network (HD) </name>
    <url>http://www.streamlive.to/view/53857</url>
    <image>http://snapshots.streamlive.to/snapshots/uehgy5htiasffj3_snapshot.jpg</image>
    <category>General</category>
    <language>English</language>
    <views>1475068.0</views>
  </channel>
  <channel>
    <name>Travel channel (HD) </name>
    <url>http://www.streamlive.to/view/65833</url>
    <image>http://snapshots.streamlive.to/snapshots/4aiufk0o430qt0d_snapshot.jpg</image>
    <category>General</category>
    <language>English</language>
    <views>119613.0</views>
  </channel>
  <channel>
    <name>History Channel Europe [HD] </name>
    <url>http://www.streamlive.to/view/70633</url>
    <image>http://snapshots.streamlive.to/snapshots/logojbjhar79pc8_snapshot.jpg</image>
    <category>General</category>
    <language>English</language>
    <views>1769850.5</views>
  </channel>
  <channel>
    <name>Food Network (HD) </name>
    <url>http://www.streamlive.to/view/52506</url>
    <image>http://snapshots.streamlive.to/snapshots/ibnnu7537h3ax6e_snapshot.jpg</image>
    <category>General</category>
    <language>English</language>
    <views>191131.0</views>
  </channel>
  <channel>
    <name>Discovery SHED (HD) </name>
    <url>http://www.streamlive.to/view/73424</url>
    <image>http://snapshots.streamlive.to/snapshots/ufj22zkwvoedsow_snapshot.jpg</image>
    <category>General</category>
    <language>English</language>
    <views>801.5</views>
  </channel>
  <channel>
    <name>Discovery (HD) </name>
    <url>http://www.streamlive.to/view/69112</url>
    <image>http://snapshots.streamlive.to/snapshots/ishyd3sopok3p27_snapshot.jpg</image>
    <category>General</category>
    <language>English</language>
    <views>121510.5</views>
  </channel>
  <channel>
    <name>National Geographic Wild France (HD) </name>
    <url>http://www.streamlive.to/view/70213</url>
    <image>http://snapshots.streamlive.to/snapshots/65oufjbzfin48ho_snapshot.jpg</image>
    <category>General</category>
    <language>French</language>
    <views>282230.0</views>
  </channel>
  <channel>
    <name>HGTV (HD) </name>
    <url>http://www.streamlive.to/view/52053</url>
    <image>http://snapshots.streamlive.to/snapshots/gj65q2rg18tpmut_snapshot.jpg</image>
    <category>General</category>
    <language>English</language>
    <views>298203.0</views>
  </channel>
  <channel>
    <name>MSNBC </name>
    <url>http://www.streamlive.to/view/52505</url>
    <image>http://snapshots.streamlive.to/snapshots/1341ujtliqndod8_snapshot.jpg</image>
    <category>News</category>
    <language>English</language>
    <views>373424.0</views>
  </channel>
  <channel>
    <name>CNN International </name>
    <url>http://www.streamlive.to/view/70785</url>
    <image>http://snapshots.streamlive.to/snapshots/ykerm3p2gcj43qf_snapshot.jpg</image>
    <category>News</category>
    <language>English</language>
    <views>683275.5</views>
  </channel>
  <channel>
    <name>Fox News (HD) </name>
    <url>http://www.streamlive.to/view/46465</url>
    <image>http://snapshots.streamlive.to/snapshots/ohn58e97er36vjr_snapshot.jpg</image>
    <category>News</category>
    <language>English</language>
    <views>409488.0</views>
  </channel>
  <channel>
    <name>Fox News </name>
    <url>http://www.streamlive.to/view/68968</url>
    <image>http://snapshots.streamlive.to/snapshots/w0mr10getvsikam_snapshot.jpg</image>
    <category>News</category>
    <language>English</language>
    <views>4671637.5</views>
  </channel>
  <channel>
    <name>CNN Live CNN</name>
    <url>http://www.streamlive.to/view/68967</url>
    <image>http://snapshots.streamlive.to/snapshots/1z3ps9vxnknuskb_snapshot.jpg</image>
    <category>News</category>
    <language>English</language>
    <views>5965169.0</views>
  </channel>
  <channel>
    <name>CNBC </name>
    <url>http://www.streamlive.to/view/71981</url>
    <image>http://snapshots.streamlive.to/snapshots/xssrqbmovted7h6_snapshot.jpg</image>
    <category>News</category>
    <language>English</language>
    <views>129935.5</views>
  </channel>
  <channel>
    <name>CNN (HD) </name>
    <url>http://www.streamlive.to/view/46461</url>
    <image>http://snapshots.streamlive.to/snapshots/rjxo8hz17q9waiq_snapshot.jpg</image>
    <category>News</category>
    <language>English</language>
    <views>342375.0</views>
  </channel>
  <channel>
    <name>Japanese Super Stars music </name>
    <url>http://www.streamlive.to/view/38218</url>
    <image>http://snapshots.streamlive.to/snapshots/bzh4mr1zt40hmw4_snapshot.jpg</image>
    <category>Music</category>
    <language>Japanese</language>
    <views>124057.0</views>
  </channel>
  <channel>
    <name>MTV Music Television (HD) </name>
    <url>http://www.streamlive.to/view/63376</url>
    <image>http://snapshots.streamlive.to/snapshots/p0audpgrkvu6l1g_snapshot.jpg</image>
    <category>Music</category>
    <language>English</language>
    <views>115601.5</views>
  </channel>
  <channel>
    <name>Korean Music </name>
    <url>http://www.streamlive.to/view/38215</url>
    <image>http://snapshots.streamlive.to/snapshots/q32r221dgpcok07_snapshot.jpg</image>
    <category>Music</category>
    <language>Korean</language>
    <views>139946.0</views>
  </channel>
  <channel>
    <name>Vietnamese Music hot girl </name>
    <url>http://www.streamlive.to/view/36974</url>
    <image>http://snapshots.streamlive.to/snapshots/9r8266ecbqwd10s_snapshot.jpg</image>
    <category>Music</category>
    <language>Vietnamese</language>
    <views>171422.5</views>
  </channel>
  <channel>
    <name>Disney </name>
    <url>http://www.streamlive.to/view/38804</url>
    <image>http://snapshots.streamlive.to/snapshots/2tag4dzgwof5ma2_snapshot.jpg</image>
    <category>Family</category>
    <language>English</language>
    <views>4518474.5</views>
  </channel>
  <channel>
    <name>Nickelodeon </name>
    <url>http://www.streamlive.to/view/71112</url>
    <image>http://snapshots.streamlive.to/snapshots/64jaber5pjqj2cr_snapshot.jpg</image>
    <category>Family</category>
    <language>English</language>
    <views>1689719.0</views>
  </channel>
  <channel>
    <name>Mad Max Fury Road (2015) </name>
    <url>http://www.streamlive.to/view/71648</url>
    <image>http://snapshots.streamlive.to/snapshots/u1bbefoly78b2qr_snapshot.jpg</image>
    <category>Movies</category>
    <language>English</language>
    <views>159264.5</views>
  </channel>
  <channel>
    <name>Safelight (2015) </name>
    <url>http://www.streamlive.to/view/71654</url>
    <image>http://snapshots.streamlive.to/snapshots/bd7xeub3lhg82ut_snapshot.jpg</image>
    <category>Movies</category>
    <language>English</language>
    <views>43883.5</views>
  </channel>
  <channel>
    <name>It follows (2014) </name>
    <url>http://www.streamlive.to/view/72585</url>
    <image>http://snapshots.streamlive.to/snapshots/5gkpc1aceuj6tiw_snapshot.jpg</image>
    <category>Movies</category>
    <language>English</language>
    <views>5051.0</views>
  </channel>
  <channel>
    <name>Gallow Road (2015) </name>
    <url>http://www.streamlive.to/view/71672</url>
    <image>http://snapshots.streamlive.to/snapshots/uwlf17ew492ebrc_snapshot.jpg</image>
    <category>Movies</category>
    <language>English</language>
    <views>40125.0</views>
  </channel>
  <channel>
    <name>Black Beauty (2015) </name>
    <url>http://www.streamlive.to/view/71649</url>
    <image>http://snapshots.streamlive.to/snapshots/h9eb1byhulw7ohh_snapshot.jpg</image>
    <category>Movies</category>
    <language>English</language>
    <views>80740.5</views>
  </channel>
  <channel>
    <name>Entourage (2015) </name>
    <url>http://www.streamlive.to/view/72599</url>
    <image>http://snapshots.streamlive.to/snapshots/k1ask545j0h6xof_snapshot.jpg</image>
    <category>Movies</category>
    <language>English</language>
    <views>6909.5</views>
  </channel>
  <channel>
    <name>The Longest Ride (2015) </name>
    <url>http://www.streamlive.to/view/72598</url>
    <image>http://snapshots.streamlive.to/snapshots/vu3iocfc52p94ua_snapshot.jpg</image>
    <category>Movies</category>
    <language>English</language>
    <views>6349.0</views>
  </channel>
  <channel>
    <name>The Hobbit An Unexpected Journey (2012) </name>
    <url>http://www.streamlive.to/view/72556</url>
    <image>http://snapshots.streamlive.to/snapshots/ds0zo23ropoe6tb_snapshot.jpg</image>
    <category>Movies</category>
    <language>English</language>
    <views>6600.5</views>
  </channel>
  <channel>
    <name>Furious 7 (2015) </name>
    <url>http://www.streamlive.to/view/72504</url>
    <image>http://snapshots.streamlive.to/snapshots/kz8m5uyw3z56thx_snapshot.jpg</image>
    <category>Movies</category>
    <language>English</language>
    <views>32370.0</views>
  </channel>
  <channel>
    <name>What We Do In The Shadows 2014 </name>
    <url>http://www.streamlive.to/view/72588</url>
    <image>http://snapshots.streamlive.to/snapshots/8jrmz1jsnyq77ns_snapshot.jpg</image>
    <category>Movies</category>
    <language>English</language>
    <views>4409.5</views>
  </channel>
  <channel>
    <name>Red Army (2014) </name>
    <url>http://www.streamlive.to/view/72596</url>
    <image>http://snapshots.streamlive.to/snapshots/wb9sll951pdzg1i_snapshot.jpg</image>
    <category>Movies</category>
    <language>English</language>
    <views>6419.0</views>
  </channel>
  <channel>
    <name>The Hobbit The Desolation of Smaug (2013) </name>
    <url>http://www.streamlive.to/view/72557</url>
    <image>http://snapshots.streamlive.to/snapshots/a9iwm0961njp8p5_snapshot.jpg</image>
    <category>Movies</category>
    <language>English</language>
    <views>6297.0</views>
  </channel>
  <channel>
    <name>Terminator Genisys (2015) </name>
    <url>http://www.streamlive.to/view/72549</url>
    <image>http://snapshots.streamlive.to/snapshots/ma86cg9qjyenubb_snapshot.jpg</image>
    <category>Movies</category>
    <language>English</language>
    <views>14407.0</views>
  </channel>
  <channel>
    <name>Paul Blart Mall Cop 2 (2015) </name>
    <url>http://www.streamlive.to/view/71647</url>
    <image>http://snapshots.streamlive.to/snapshots/j9jdgdjtvnmghlo_snapshot.jpg</image>
    <category>Movies</category>
    <language>English</language>
    <views>77221.0</views>
  </channel>
  <channel>
    <name>The Jokesters (2015) </name>
    <url>http://www.streamlive.to/view/71646</url>
    <image>http://snapshots.streamlive.to/snapshots/zcg77gx75hsz5y7_snapshot.jpg</image>
    <category>Movies</category>
    <language>English</language>
    <views>35887.0</views>
  </channel>
  <channel>
    <name>Paddington (2014) </name>
    <url>http://www.streamlive.to/view/72587</url>
    <image>http://snapshots.streamlive.to/snapshots/3fplceunaduthiw_snapshot.jpg</image>
    <category>Movies</category>
    <language>English</language>
    <views>4527.0</views>
  </channel>
  <channel>
    <name>The Good The Bad The Ugly (1966) </name>
    <url>http://www.streamlive.to/view/72589</url>
    <image>http://snapshots.streamlive.to/snapshots/feewtsonj73qeu4_snapshot.jpg</image>
    <category>Movies</category>
    <language>English</language>
    <views>7761.0</views>
  </channel>
  <channel>
    <name>The Girl Is In Trouble (2015) </name>
    <url>http://www.streamlive.to/view/71671</url>
    <image>http://snapshots.streamlive.to/snapshots/eq52bo3zkaweniw_snapshot.jpg</image>
    <category>Movies</category>
    <language>English</language>
    <views>60759.5</views>
  </channel>
  <channel>
    <name>Inception (2010) </name>
    <url>http://www.streamlive.to/view/72581</url>
    <image>http://snapshots.streamlive.to/snapshots/pe1dt3fanftdh0o_snapshot.jpg</image>
    <category>Movies</category>
    <language>English</language>
    <views>5270.0</views>
  </channel>
  <channel>
    <name>Paper Town (2015) </name>
    <url>http://www.streamlive.to/view/72566</url>
    <image>http://snapshots.streamlive.to/snapshots/hrb0ptuds85252s_snapshot.jpg</image>
    <category>Movies</category>
    <language>English</language>
    <views>6191.5</views>
  </channel>
  <channel>
    <name>Forest Gump (1994) </name>
    <url>http://www.streamlive.to/view/72578</url>
    <image>http://snapshots.streamlive.to/snapshots/jq4vu9yopbp2au0_snapshot.jpg</image>
    <category>Movies</category>
    <language>English</language>
    <views>6235.5</views>
  </channel>
  <channel>
    <name>Joe Dirt 2 (2015) </name>
    <url>http://www.streamlive.to/view/71645</url>
    <image>http://snapshots.streamlive.to/snapshots/m3607iui5io25yy_snapshot.jpg</image>
    <category>Movies</category>
    <language>English</language>
    <views>79169.5</views>
  </channel>
  <channel>
    <name>The Hobbit The Battle Of The Five Armies (2014) </name>
    <url>http://www.streamlive.to/view/72565</url>
    <image>http://snapshots.streamlive.to/snapshots/wgfc4tdv02e007x_snapshot.jpg</image>
    <category>Movies</category>
    <language>English</language>
    <views>6740.0</views>
  </channel>
  <channel>
    <name>Jurassic World (2015) </name>
    <url>http://www.streamlive.to/view/72551</url>
    <image>http://snapshots.streamlive.to/snapshots/vr9frdz2i1wnazn_snapshot.jpg</image>
    <category>Movies</category>
    <language>English</language>
    <views>22344.0</views>
  </channel>
  <channel>
    <name>Lila And Eve (2015) </name>
    <url>http://www.streamlive.to/view/71653</url>
    <image>http://snapshots.streamlive.to/snapshots/b99ud2n5hi7sbru_snapshot.jpg</image>
    <category>Movies</category>
    <language>English</language>
    <views>55183.0</views>
  </channel>
  <channel>
    <name>Batman: The Dark Knight (2008) </name>
    <url>http://www.streamlive.to/view/72576</url>
    <image>http://snapshots.streamlive.to/snapshots/8mvmpkr81mwuckv_snapshot.jpg</image>
    <category>Movies</category>
    <language>English</language>
    <views>8245.5</views>
  </channel>
  <channel>
    <name>Black Mask (2015) English Sub </name>
    <url>http://www.streamlive.to/view/72595</url>
    <image>http://snapshots.streamlive.to/snapshots/0t4k4jnxeffgk1l_snapshot.jpg</image>
    <category>Movies</category>
    <language>Chinese</language>
    <views>116235.5</views>
  </channel>
  <channel>
    <name>Mission Impossible Rogue Nation (2015) </name>
    <url>http://www.streamlive.to/view/72586</url>
    <image>http://snapshots.streamlive.to/snapshots/p05ng1l0ijjf5bc_snapshot.jpg</image>
    <category>Movies</category>
    <language>English</language>
    <views>11884.0</views>
  </channel>
  <channel>
    <name>Fight Club (1999) </name>
    <url>http://www.streamlive.to/view/72577</url>
    <image>http://snapshots.streamlive.to/snapshots/14ou2yl2pnw8o61_snapshot.jpg</image>
    <category>Movies</category>
    <language>English</language>
    <views>4694.0</views>
  </channel>
  <channel>
    <name>Inside Out (2015) </name>
    <url>http://www.streamlive.to/view/72579</url>
    <image>http://snapshots.streamlive.to/snapshots/0teklb2l6blguas_snapshot.jpg</image>
    <category>Movies</category>
    <language>English</language>
    <views>7868.5</views>
  </channel>
  <channel>
    <name>The Shawshank Redemption (1994) </name>
    <url>http://www.streamlive.to/view/72580</url>
    <image>http://snapshots.streamlive.to/snapshots/ww7u43ccfi7ks42_snapshot.jpg</image>
    <category>Movies</category>
    <language>English</language>
    <views>5451.5</views>
  </channel>
  <channel>
    <name>Pixels (2015) </name>
    <url>http://www.streamlive.to/view/72597</url>
    <image>http://snapshots.streamlive.to/snapshots/iyw9yz6l26up8di_snapshot.jpg</image>
    <category>Movies</category>
    <language>English</language>
    <views>7892.5</views>
  </channel>
  <channel>
    <name>Bone Tomahawk (2015) </name>
    <url>http://www.streamlive.to/view/72719</url>
    <image>http://snapshots.streamlive.to/snapshots/96inm4jy0lr7xie_snapshot.jpg</image>
    <category>Movies</category>
    <language>English</language>
    <views>29687.0</views>
  </channel>
  <channel>
    <name>The Maze Runner (2014) </name>
    <url>http://www.streamlive.to/view/72663</url>
    <image>http://snapshots.streamlive.to/snapshots/4ka1pqp4fc9kuxn_snapshot.jpg</image>
    <category>Movies</category>
    <language>English</language>
    <views>429.0</views>
  </channel>
  <channel>
    <name>Cooties (2014) </name>
    <url>http://www.streamlive.to/view/72657</url>
    <image>http://snapshots.streamlive.to/snapshots/wn9h8wvth1raovk_snapshot.jpg</image>
    <category>Movies</category>
    <language>English</language>
    <views>485.5</views>
  </channel>
  <channel>
    <name>SuperHero movie channel </name>
    <url>http://www.streamlive.to/view/38366</url>
    <image>http://snapshots.streamlive.to/snapshots/8g7x80ozu6hz2ds_snapshot.jpg</image>
    <category>Movies</category>
    <language>English</language>
    <views>9433683.5</views>
  </channel>
  <channel>
    <name>The Hateful Eight (2015) </name>
    <url>http://www.streamlive.to/view/73435</url>
    <image>http://snapshots.streamlive.to/snapshots/2idqcejfnkf7xgd_snapshot.jpg</image>
    <category>Movies</category>
    <language>English</language>
    <views>56.0</views>
  </channel>
  <channel>
    <name>American Ultra (2015) </name>
    <url>http://www.streamlive.to/view/72830</url>
    <image>http://snapshots.streamlive.to/snapshots/gb6586bpdhryni2_snapshot.jpg</image>
    <category>Movies</category>
    <language>English</language>
    <views>1211.5</views>
  </channel>
  <channel>
    <name>Shelter (2015) </name>
    <url>http://www.streamlive.to/view/72662</url>
    <image>http://snapshots.streamlive.to/snapshots/3y9mfkvb9idypna_snapshot.jpg</image>
    <category>Movies</category>
    <language>English</language>
    <views>580.5</views>
  </channel>
  <channel>
    <name>Fox Movie Channel </name>
    <url>http://www.streamlive.to/view/38449</url>
    <image>http://snapshots.streamlive.to/snapshots/hc992q7x7cz86t9_snapshot.jpg</image>
    <category>Movies</category>
    <language>English</language>
    <views>1510033.0</views>
  </channel>
  <channel>
    <name>Everest (2015) </name>
    <url>http://www.streamlive.to/view/72721</url>
    <image>http://snapshots.streamlive.to/snapshots/1ji7g2d5m7vewbk_snapshot.jpg</image>
    <category>Movies</category>
    <language>English</language>
    <views>38226.5</views>
  </channel>
  <channel>
    <name>Spectre (2015) </name>
    <url>http://www.streamlive.to/view/73433</url>
    <image>http://snapshots.streamlive.to/snapshots/89c4aalqslnu2mm_snapshot.jpg</image>
    <category>Movies</category>
    <language>English</language>
    <views>52.0</views>
  </channel>
  <channel>
    <name>Guardians Of The Galaxy (2014) </name>
    <url>http://www.streamlive.to/view/72658</url>
    <image>http://snapshots.streamlive.to/snapshots/z5wkmszpfiseqwc_snapshot.jpg</image>
    <category>Movies</category>
    <language>English</language>
    <views>659.0</views>
  </channel>
  <channel>
    <name>Avengers Age Of Ultron </name>
    <url>http://www.streamlive.to/view/72718</url>
    <image>http://snapshots.streamlive.to/snapshots/ds19mmln49mmcr0_snapshot.jpg</image>
    <category>Movies</category>
    <language>English</language>
    <views>118709.0</views>
  </channel>
  <channel>
    <name>Sicario (2015) </name>
    <url>http://www.streamlive.to/view/73432</url>
    <image>http://snapshots.streamlive.to/snapshots/45b4fylbjlqgilf_snapshot.jpg</image>
    <category>Movies</category>
    <language>English</language>
    <views>25.0</views>
  </channel>
  <channel>
    <name>Child 44 (2015) </name>
    <url>http://www.streamlive.to/view/72862</url>
    <image>http://snapshots.streamlive.to/snapshots/ia6hwl2536inxri_snapshot.jpg</image>
    <category>Movies</category>
    <language>English</language>
    <views>620.0</views>
  </channel>
  <channel>
    <name>Spy (2015) </name>
    <url>http://www.streamlive.to/view/72722</url>
    <image>http://snapshots.streamlive.to/snapshots/hzxcyk0zklw53ha_snapshot.jpg</image>
    <category>Movies</category>
    <language>English</language>
    <views>29098.0</views>
  </channel>
  <channel>
    <name>Interstellar (2014) </name>
    <url>http://www.streamlive.to/view/72659</url>
    <image>http://snapshots.streamlive.to/snapshots/bwilykq6e2ijdbx_snapshot.jpg</image>
    <category>Movies</category>
    <language>English</language>
    <views>522.5</views>
  </channel>
  <channel>
    <name>Kingsman The Secret Service (2014) </name>
    <url>http://www.streamlive.to/view/72660</url>
    <image>http://snapshots.streamlive.to/snapshots/oqnmdvee3o5c4ix_snapshot.jpg</image>
    <category>Movies</category>
    <language>English</language>
    <views>715.0</views>
  </channel>
  <channel>
    <name>Get Hard (2015) </name>
    <url>http://www.streamlive.to/view/72720</url>
    <image>http://snapshots.streamlive.to/snapshots/2kuhc090f1lz1qc_snapshot.jpg</image>
    <category>Movies</category>
    <language>English</language>
    <views>47968.0</views>
  </channel>
  <channel>
    <name>Hotel Transylvania 2 (2015) </name>
    <url>http://www.streamlive.to/view/73065</url>
    <image>http://snapshots.streamlive.to/snapshots/1l8bmbn61d9jw3k_snapshot.jpg</image>
    <category>Movies</category>
    <language>English</language>
    <views>689.0</views>
  </channel>
  <channel>
    <name>Hitman Agent 47 (2015) </name>
    <url>http://www.streamlive.to/view/72832</url>
    <image>http://snapshots.streamlive.to/snapshots/xoshn1rt6polw8h_snapshot.jpg</image>
    <category>Movies</category>
    <language>English</language>
    <views>1177.5</views>
  </channel>
  <channel>
    <name>Ant Man (2015) </name>
    <url>http://www.streamlive.to/view/72831</url>
    <image>http://snapshots.streamlive.to/snapshots/ass4h3a4di6uz9z_snapshot.jpg</image>
    <category>Movies</category>
    <language>English</language>
    <views>1549.0</views>
  </channel>
  <channel>
    <name>The HD Movie Channel 1 </name>
    <url>http://www.streamlive.to/view/68358</url>
    <image>http://snapshots.streamlive.to/snapshots/asn0crzhq351g0w_snapshot.jpg</image>
    <category>Movies</category>
    <language>English</language>
    <views>1284348.5</views>
  </channel>
  <channel>
    <name>Heist (2015) </name>
    <url>http://www.streamlive.to/view/73066</url>
    <image>http://snapshots.streamlive.to/snapshots/q8kd4d2fgosdd68_snapshot.jpg</image>
    <category>Movies</category>
    <language>English</language>
    <views>737.0</views>
  </channel>
  <channel>
    <name>Jackie Chan movies showing Chan's movies from 1978 to 1990</name>
    <url>http://www.streamlive.to/view/36983</url>
    <image>http://snapshots.streamlive.to/snapshots/gby01m6h4xd3lag_snapshot.jpg</image>
    <category>Movies</category>
    <language>English</language>
    <views>578059.0</views>
  </channel>
  <channel>
    <name>HBO Comedy movie </name>
    <url>http://www.streamlive.to/view/38214</url>
    <image>http://snapshots.streamlive.to/snapshots/a1wn1j3ra1w0cv0_snapshot.jpg</image>
    <category>Movies</category>
    <language>English</language>
    <views>1750349.0</views>
  </channel>
  <channel>
    <name>Jackie Chan Chan's movies from 1991-2008</name>
    <url>http://www.streamlive.to/view/37002</url>
    <image>http://snapshots.streamlive.to/snapshots/aq6ijlszct7wfl4_snapshot.jpg</image>
    <category>Movies</category>
    <language>English</language>
    <views>358098.5</views>
  </channel>
  <channel>
    <name>The HD Movie Channel 2 </name>
    <url>http://www.streamlive.to/view/68359</url>
    <image>http://snapshots.streamlive.to/snapshots/3mu6xhoy4xa8l7w_snapshot.jpg</image>
    <category>Movies</category>
    <language>English</language>
    <views>1144216.5</views>
  </channel>
  <channel>
    <name>The Revenant (2015) </name>
    <url>http://www.streamlive.to/view/73434</url>
    <image>http://snapshots.streamlive.to/snapshots/k3vvgc90hhfemje_snapshot.jpg</image>
    <category>Movies</category>
    <language>English</language>
    <views>48.0</views>
  </channel>
</channels>
